               epoch,      train/box_loss,      train/obj_loss,      train/cls_loss,   metrics/precision,      metrics/recall,     metrics/mAP_0.5,metrics/mAP_0.5:0.95,        val/box_loss,        val/obj_loss,        val/cls_loss,               x/lr0,               x/lr1,               x/lr2
                   0,             0.13305,            0.033854,            0.057122,                   0,                   0,                   0,                   0,              0.1048,            0.027063,            0.048147,               7e-05,               7e-05,             0.09937
                   1,             0.13014,             0.02557,            0.055488,           4.002e-05,          0.00092081,          1.3493e-05,          2.6985e-06,             0.10586,            0.020749,            0.045121,             0.00015,             0.00015,             0.09865
                   2,             0.12723,            0.023177,            0.052569,                   0,                   0,                   0,                   0,             0.10828,              0.0192,             0.04344,          0.00022998,          0.00022998,             0.09793
                   3,              0.1258,            0.024147,            0.051723,           6.642e-06,           0.0017825,          3.3987e-06,          5.1255e-07,             0.10673,            0.019008,            0.043666,          0.00030992,          0.00030992,             0.09721
                   4,             0.12314,            0.024098,            0.050973,                   0,                   0,                   0,                   0,             0.10632,            0.018977,             0.04367,          0.00038983,          0.00038983,             0.09649
                   5,             0.12218,            0.025069,            0.050871,          9.1541e-06,           0.0026738,           4.543e-06,          1.3625e-06,             0.11006,            0.019111,             0.04554,          0.00046968,          0.00046968,             0.09577
                   6,             0.11995,            0.025815,            0.049846,          8.4237e-06,           0.0026738,          4.2796e-06,          5.6913e-07,              0.1098,            0.017965,            0.044867,          0.00054946,          0.00054946,            0.095049
                   7,              0.1187,            0.026888,            0.050891,                   0,                   0,                   0,                   0,             0.10808,            0.018936,            0.044063,          0.00062916,          0.00062916,            0.094329
                   8,             0.11797,            0.028014,            0.050634,            6.21e-06,          0.00089127,          2.5053e-06,          1.0021e-06,             0.10898,            0.018579,            0.045062,          0.00070877,          0.00070877,            0.093609
                   9,             0.11577,            0.028801,            0.049975,          8.7633e-06,           0.0017825,           4.013e-06,          9.8762e-07,             0.10792,            0.019272,            0.044684,          0.00078826,          0.00078826,            0.092888
                  10,             0.11437,            0.028856,            0.049191,          7.6455e-06,          0.00089127,           3.839e-06,          7.6779e-07,             0.10516,            0.020341,            0.044213,          0.00086764,          0.00086764,            0.092168
                  11,             0.11358,            0.029273,            0.048496,                   0,                   0,                   0,                   0,             0.10219,            0.020754,            0.043889,          0.00094688,          0.00094688,            0.091447
                  12,              0.1135,            0.028931,            0.047717,                   0,                   0,                   0,                   0,             0.10127,            0.021249,            0.043403,            0.001026,            0.001026,            0.090726
                  13,             0.11244,            0.029354,            0.047676,           2.358e-06,          0.00089127,          1.1871e-06,          2.3741e-07,             0.10032,            0.021888,            0.042291,           0.0011049,           0.0011049,            0.090005
                  14,             0.11311,            0.030137,            0.048473,                   0,                   0,                   0,                   0,             0.09806,            0.021286,            0.041878,           0.0011837,           0.0011837,            0.089284
                  15,             0.11183,            0.030119,            0.047162,          0.00011384,           0.0059804,          5.7637e-05,          1.7517e-05,            0.095461,            0.021762,            0.042231,           0.0012623,           0.0012623,            0.088562
                  16,             0.11205,            0.030002,            0.046087,          0.00017862,            0.012486,          9.1825e-05,          3.3799e-05,            0.094643,             0.02173,            0.041526,           0.0013406,           0.0013406,            0.087841
                  17,             0.11135,            0.030135,            0.048336,          0.00017528,           0.0027989,          8.4845e-05,          1.8751e-05,            0.093668,            0.022134,            0.041332,           0.0014188,           0.0014188,            0.087119
                  18,             0.11122,            0.030222,            0.047844,          0.00037854,            0.029359,          0.00020936,          5.4959e-05,            0.093247,            0.021875,            0.041561,           0.0014968,           0.0014968,            0.086397
                  19,             0.11126,            0.030222,            0.046562,          0.00085966,            0.066784,          0.00050989,          0.00010662,            0.091827,            0.022452,            0.041363,           0.0015745,           0.0015745,            0.085674
                  20,             0.11112,            0.030585,            0.045818,           0.0035221,            0.014554,           0.0013308,          0.00026685,            0.090881,            0.022131,            0.038849,           0.0016519,           0.0016519,            0.084952
                  21,              0.1101,            0.030214,            0.046075,             0.17781,           0.0055249,           0.0021353,          0.00046668,            0.089624,            0.021989,            0.040619,           0.0017291,           0.0017291,            0.084229
                  22,             0.10776,             0.03042,            0.044575,             0.69747,           0.0082873,           0.0056755,           0.0013822,            0.089036,            0.021473,            0.037744,           0.0018061,           0.0018061,            0.083506
                  23,             0.10632,            0.030532,            0.045269,            0.012792,            0.027624,           0.0077176,           0.0017316,            0.087879,            0.022443,            0.036765,           0.0018827,           0.0018827,            0.082783
                  24,             0.10074,            0.031126,            0.044909,             0.35278,            0.016575,           0.0071942,           0.0015364,            0.089685,            0.020363,            0.036384,           0.0019591,           0.0019591,            0.082059
                  25,            0.099362,            0.030428,            0.042688,            0.036162,            0.047788,            0.013453,           0.0029718,             0.08224,            0.022005,            0.036235,           0.0020351,           0.0020351,            0.081335
                  26,            0.098465,            0.030347,            0.041997,            0.051173,            0.042793,            0.014816,           0.0033553,            0.086258,            0.021641,            0.035969,           0.0021108,           0.0021108,            0.080611
                  27,            0.097566,            0.028953,            0.042946,             0.20262,            0.018416,            0.016155,           0.0032097,            0.085442,            0.020763,            0.035284,           0.0021862,           0.0021862,            0.079886
                  28,            0.095437,            0.028813,            0.042416,            0.038036,             0.09631,            0.020673,           0.0046581,            0.082509,            0.021708,             0.03498,           0.0022612,           0.0022612,            0.079161
                  29,            0.095296,            0.027894,            0.040873,            0.094107,            0.061744,             0.03361,           0.0067735,            0.080796,            0.021156,             0.03463,           0.0023359,           0.0023359,            0.078436
                  30,            0.092576,            0.028575,             0.04211,            0.085485,            0.061727,            0.021701,           0.0045117,            0.081562,            0.019192,            0.034702,           0.0024102,           0.0024102,             0.07771
                  31,            0.092295,            0.027544,            0.040967,             0.23008,            0.056688,            0.034635,           0.0084848,            0.082447,            0.020432,            0.035167,           0.0024841,           0.0024841,            0.076984
                  32,              0.0932,            0.027131,            0.040669,             0.72854,            0.041436,            0.034162,           0.0077292,            0.082798,            0.020831,            0.035125,           0.0025576,           0.0025576,            0.076258
                  33,            0.091373,            0.026376,            0.039549,            0.093423,             0.16104,            0.060681,            0.012858,             0.07549,            0.020134,            0.035415,           0.0026307,           0.0026307,            0.075531
                  34,             0.09068,            0.026738,            0.040204,            0.064158,             0.15428,            0.044859,              0.0101,              0.0793,             0.01945,            0.037092,           0.0027034,           0.0027034,            0.074803
                  35,            0.090571,            0.026178,            0.041291,            0.082864,             0.13146,            0.054479,            0.013152,            0.076669,             0.02146,            0.036611,           0.0027756,           0.0027756,            0.074076
                  36,             0.09005,            0.026375,            0.039019,            0.068289,             0.17391,            0.073482,            0.019221,            0.075113,            0.020997,            0.035821,           0.0028475,           0.0028475,            0.073347
                  37,            0.090721,            0.025618,            0.038153,             0.11217,             0.16914,            0.074568,             0.01908,            0.075574,            0.018066,            0.035037,           0.0029188,           0.0029188,            0.072619
                  38,            0.088136,             0.02605,            0.037763,            0.097001,             0.18473,            0.074398,            0.019788,            0.073184,            0.019749,            0.037109,           0.0029897,           0.0029897,             0.07189
                  39,            0.088313,            0.025113,            0.038435,             0.11621,             0.18116,             0.08448,            0.022372,            0.073679,            0.018718,            0.035325,           0.0030601,           0.0030601,             0.07116
                  40,            0.090069,            0.026157,            0.039173,             0.15004,             0.17482,            0.081303,            0.019499,            0.073627,            0.019275,             0.03407,           0.0031301,           0.0031301,             0.07043
                  41,            0.088016,            0.025013,            0.038794,             0.14128,              0.1908,            0.081461,            0.018851,            0.072251,            0.018778,            0.032054,           0.0031995,           0.0031995,            0.069699
                  42,            0.088468,             0.02537,            0.036355,             0.12587,             0.20251,             0.07871,            0.019932,            0.074732,            0.017964,            0.031966,           0.0032684,           0.0032684,            0.068968
                  43,            0.088776,            0.025928,            0.035648,              0.1335,             0.21925,            0.073102,            0.014473,            0.076349,            0.018058,            0.033431,           0.0033368,           0.0033368,            0.068237
                  44,            0.092014,             0.02416,            0.035293,             0.12747,             0.22832,            0.092267,            0.023886,             0.07185,            0.018095,             0.03215,           0.0034047,           0.0034047,            0.067505
                  45,            0.089133,            0.025875,            0.035787,             0.13816,             0.19729,            0.093236,            0.022851,            0.075056,             0.02044,            0.031707,            0.003472,            0.003472,            0.066772
                  46,            0.089084,             0.02565,             0.03398,             0.17898,             0.20595,             0.10379,            0.025204,            0.074657,            0.019693,            0.030615,           0.0035388,           0.0035388,            0.066039
                  47,            0.086032,            0.025948,            0.034642,             0.12588,              0.2227,             0.06458,            0.012682,            0.071893,            0.018981,            0.031311,            0.003605,            0.003605,            0.065305
                  48,            0.087136,            0.024564,             0.03448,             0.16409,             0.27923,             0.12396,            0.029274,            0.070333,            0.018623,            0.031495,           0.0036706,           0.0036706,            0.064571
                  49,            0.085876,            0.024226,            0.033209,             0.18617,             0.15553,             0.11183,            0.029257,            0.072845,            0.017726,            0.029347,           0.0037356,           0.0037356,            0.063836
                  50,            0.086097,            0.024004,            0.031222,             0.17107,              0.2716,             0.12014,            0.027126,            0.071192,            0.017945,            0.029292,           0.0038001,           0.0038001,              0.0631
                  51,              0.0837,            0.023842,            0.033808,             0.18692,             0.25691,             0.14041,            0.035472,            0.070727,            0.017243,            0.029463,           0.0038639,           0.0038639,            0.062364
                  52,            0.085245,            0.025085,            0.031084,             0.22131,             0.29478,             0.15921,            0.039947,            0.068698,              0.0179,            0.032555,           0.0039272,           0.0039272,            0.061627
                  53,             0.08445,            0.024024,            0.028703,              0.1865,             0.30148,             0.17148,            0.053578,            0.067902,            0.017236,            0.029377,           0.0039898,           0.0039898,             0.06089
                  54,            0.085026,            0.024186,            0.029917,             0.25307,             0.27747,             0.16935,            0.049788,            0.068482,            0.017331,            0.028574,           0.0040517,           0.0040517,            0.060152
                  55,            0.085291,            0.023619,            0.031597,             0.17616,             0.25261,             0.15131,            0.037171,            0.071547,            0.018313,            0.028488,            0.004113,            0.004113,            0.059413
                  56,            0.084794,            0.022941,            0.031064,             0.26082,             0.27467,             0.21034,            0.067142,             0.06718,            0.017378,            0.029055,           0.0041737,           0.0041737,            0.058674
                  57,            0.084015,            0.023614,            0.029537,             0.16872,             0.28193,             0.14878,            0.039133,            0.067378,            0.017223,            0.028953,           0.0042337,           0.0042337,            0.057934
                  58,            0.083947,            0.022973,            0.028105,             0.26196,             0.25033,             0.15762,            0.039736,             0.06844,            0.017401,            0.028388,            0.004293,            0.004293,            0.057193
                  59,            0.082673,            0.023427,              0.0299,             0.35587,             0.26357,             0.21054,            0.066217,            0.067414,            0.017594,            0.027897,           0.0043517,           0.0043517,            0.056452
                  60,            0.083331,            0.022728,            0.027943,             0.25516,             0.24453,             0.14869,            0.039377,            0.068566,            0.017946,            0.028359,           0.0044096,           0.0044096,             0.05571
                  61,            0.083226,            0.023293,             0.02878,             0.26685,             0.28337,             0.18341,            0.046187,            0.068382,            0.017246,            0.029418,           0.0044669,           0.0044669,            0.054967
                  62,            0.081669,            0.023613,            0.027199,             0.27782,             0.29831,             0.20139,            0.060758,            0.065546,            0.017109,            0.031209,           0.0045234,           0.0045234,            0.054223
                  63,            0.081362,            0.022594,            0.024619,             0.28558,              0.2965,              0.2082,            0.061415,            0.067621,            0.017349,             0.02892,           0.0045792,           0.0045792,            0.053479
                  64,            0.082017,            0.022458,            0.026183,             0.32617,             0.22311,             0.15394,            0.046172,            0.068917,            0.018438,            0.032898,           0.0046343,           0.0046343,            0.052734
                  65,            0.079062,            0.022724,            0.026379,             0.29989,             0.32573,             0.22148,            0.065877,            0.066339,            0.017151,            0.026174,           0.0046887,           0.0046887,            0.051989
                  66,             0.08204,            0.023028,            0.025905,             0.38051,             0.27507,             0.22341,            0.071236,            0.068185,            0.018232,            0.028883,           0.0047423,           0.0047423,            0.051242
                  67,            0.083113,            0.023218,             0.02684,             0.30717,             0.35353,             0.25619,            0.077756,            0.067116,            0.016816,            0.026847,           0.0047951,           0.0047951,            0.050495
                  68,            0.081552,            0.022105,            0.022207,             0.39985,             0.34131,             0.27186,            0.081274,            0.067052,            0.017499,            0.024274,           0.0048472,           0.0048472,            0.049747
                  69,             0.08063,            0.022412,            0.024837,             0.36984,              0.3691,             0.28161,            0.090586,            0.066077,            0.016547,             0.02516,           0.0048985,           0.0048985,            0.048999
                  70,            0.081224,            0.023155,            0.024437,             0.38875,             0.33451,             0.26678,            0.080977,            0.066042,              0.0165,            0.023906,           0.0049491,           0.0049491,            0.048249
                  71,            0.079367,            0.022262,            0.023875,             0.34097,              0.3247,             0.24204,            0.077169,            0.065956,            0.017391,            0.022279,           0.0049989,           0.0049989,            0.047499
                  72,            0.081501,            0.022506,              0.0228,             0.28203,             0.26728,             0.19731,            0.060987,            0.066597,            0.018408,            0.026302,           0.0050478,           0.0050478,            0.046748
                  73,            0.081452,            0.022644,            0.023863,             0.32886,             0.23279,              0.1923,            0.058765,            0.068983,            0.019384,            0.025821,            0.005096,            0.005096,            0.045996
                  74,            0.081228,            0.021966,            0.023187,             0.33977,             0.16764,             0.13266,            0.036399,             0.07619,            0.020312,            0.023986,           0.0051434,           0.0051434,            0.045243
                  75,            0.081937,             0.02195,            0.022571,             0.40249,             0.30289,             0.24422,            0.062855,            0.068734,            0.017271,            0.024537,             0.00519,             0.00519,             0.04449
                  76,            0.080123,             0.02209,            0.021233,             0.45464,              0.3485,             0.27378,            0.084713,            0.067675,            0.016234,            0.021948,           0.0052357,           0.0052357,            0.043736
                  77,            0.081567,            0.021555,            0.023147,             0.47959,             0.33996,             0.28323,            0.088776,            0.067255,            0.016468,            0.020521,           0.0052806,           0.0052806,            0.042981
                  78,            0.076887,             0.02181,            0.019796,             0.52506,              0.3199,             0.28174,             0.07563,            0.066921,            0.015884,            0.021567,           0.0053247,           0.0053247,            0.042225
                  79,            0.080753,            0.022313,             0.02001,              0.2019,              0.2276,             0.13043,            0.027942,            0.073054,            0.019112,            0.026058,           0.0053679,           0.0053679,            0.041468
                  80,            0.079923,            0.022071,            0.021053,             0.50783,             0.32945,             0.28755,            0.086573,            0.066499,            0.018078,            0.023175,           0.0054103,           0.0054103,             0.04071
                  81,            0.081813,            0.021987,            0.019951,             0.35273,             0.27543,              0.2047,            0.047338,            0.068627,            0.017424,             0.02638,           0.0054519,           0.0054519,            0.039952
                  82,            0.080232,            0.022511,            0.020667,             0.33872,             0.29662,             0.23089,            0.072429,            0.067408,            0.019617,            0.024322,           0.0054926,           0.0054926,            0.039193
                  83,            0.078788,            0.021893,             0.02042,             0.46429,             0.29277,             0.25214,            0.085608,            0.067331,            0.019029,            0.031431,           0.0055324,           0.0055324,            0.038432
                  84,            0.078799,            0.022254,            0.020587,               0.338,             0.23722,             0.16484,            0.049769,            0.072105,            0.018252,             0.03315,           0.0055714,           0.0055714,            0.037671
                  85,             0.07632,            0.022505,            0.019084,             0.47805,             0.31832,             0.28427,            0.078862,            0.067071,            0.016129,            0.024772,           0.0056094,           0.0056094,            0.036909
                  86,            0.078526,            0.021961,            0.018282,             0.31038,             0.23218,             0.15997,            0.032901,            0.075323,            0.017417,            0.022502,           0.0056467,           0.0056467,            0.036147
                  87,            0.078567,            0.022713,            0.019844,              0.4748,              0.3076,             0.26105,            0.080878,            0.067509,            0.016722,            0.022841,            0.005683,            0.005683,            0.035383
                  88,             0.07751,            0.022521,             0.02004,             0.27325,             0.16609,              0.1102,            0.022721,            0.072403,            0.017563,            0.032244,           0.0057184,           0.0057184,            0.034618
                  89,             0.07834,            0.021207,            0.016133,             0.39467,             0.28094,             0.21645,            0.050732,            0.067577,            0.016648,            0.023444,           0.0057529,           0.0057529,            0.033853
                  90,            0.077251,             0.02166,             0.01782,             0.54979,              0.3635,             0.33403,             0.10211,            0.063961,             0.01759,            0.019335,           0.0057866,           0.0057866,            0.033087
                  91,            0.077619,            0.022246,            0.019927,             0.56772,             0.32583,             0.31336,            0.098101,            0.065446,            0.020512,            0.017896,           0.0058193,           0.0058193,            0.032319
                  92,            0.077711,             0.02199,            0.018267,             0.57845,              0.3431,             0.33191,             0.10007,            0.064145,            0.017988,            0.026095,           0.0058511,           0.0058511,            0.031551
                  93,             0.07512,            0.022246,              0.0166,             0.55811,             0.30154,             0.29542,              0.1024,            0.065011,            0.018035,            0.021146,           0.0058821,           0.0058821,            0.030782
                  94,            0.079908,            0.022476,            0.019954,             0.35107,             0.20126,             0.15878,            0.048683,            0.069987,            0.022985,            0.034961,           0.0059121,           0.0059121,            0.030012
                  95,            0.077586,            0.022707,            0.018248,             0.50204,             0.24712,             0.23662,            0.075334,             0.07017,            0.018495,            0.019242,           0.0059412,           0.0059412,            0.029241
                  96,            0.079108,            0.022028,            0.017593,             0.40023,             0.30393,             0.22869,            0.055975,            0.070769,            0.019768,            0.021811,           0.0059693,           0.0059693,            0.028469
                  97,            0.076112,             0.02229,            0.015972,             0.56674,             0.36909,             0.31995,             0.10161,            0.065016,            0.023259,            0.021112,           0.0059966,           0.0059966,            0.027697
                  98,            0.079635,            0.022406,            0.017713,             0.44617,             0.23553,             0.20142,            0.053565,            0.069932,            0.022135,            0.027307,           0.0060229,           0.0060229,            0.026923
                  99,              0.0759,            0.022311,            0.017441,             0.51219,             0.25258,             0.24841,            0.076193,            0.069778,            0.018133,            0.019842,           0.0060482,           0.0060482,            0.026148
                 100,            0.075235,            0.021617,            0.016121,             0.52153,             0.25674,             0.25044,            0.083285,            0.072255,            0.017865,             0.02141,           0.0060727,           0.0060727,            0.025373
                 101,            0.077786,            0.021072,            0.015612,             0.63681,             0.36015,             0.35451,             0.12408,            0.065412,            0.016727,             0.01689,           0.0060962,           0.0060962,            0.024596
                 102,            0.077358,            0.022063,            0.017134,              0.5545,             0.34192,             0.31008,             0.10587,             0.06462,            0.019085,             0.02071,           0.0061187,           0.0061187,            0.023819
                 103,             0.07789,            0.022831,            0.017844,             0.46951,             0.23402,             0.20217,            0.067188,             0.07219,            0.028668,            0.036441,           0.0061404,           0.0061404,             0.02304
                 104,            0.077638,            0.022936,            0.016387,             0.46251,             0.28767,             0.26229,            0.080086,            0.069403,            0.027683,            0.031282,            0.006161,            0.006161,            0.022261
                 105,            0.079188,            0.023634,            0.018224,             0.36556,              0.1876,             0.14359,            0.045793,            0.073711,            0.032682,             0.04492,           0.0061808,           0.0061808,            0.021481
                 106,             0.07606,            0.021925,            0.014551,             0.48866,             0.25539,             0.22177,            0.063382,            0.070475,            0.020861,            0.022182,           0.0061996,           0.0061996,              0.0207
                 107,            0.079286,            0.021982,            0.017037,             0.48473,             0.19637,             0.16499,            0.050992,             0.07105,            0.020967,            0.032039,           0.0062174,           0.0062174,            0.019917
                 108,            0.077586,            0.023395,            0.018552,             0.30729,             0.19968,             0.14947,            0.037315,            0.077398,             0.02068,            0.027624,           0.0062343,           0.0062343,            0.019134
                 109,            0.074611,            0.022874,            0.017086,             0.35507,             0.22122,             0.16851,            0.033334,            0.074838,            0.020109,            0.027267,           0.0062502,           0.0062502,             0.01835
                 110,            0.076977,            0.022134,            0.015078,             0.44594,             0.31637,             0.26503,            0.059389,            0.068332,            0.021104,            0.020688,           0.0062652,           0.0062652,            0.017565
                 111,            0.077088,            0.021894,            0.013831,             0.44084,             0.28465,              0.2407,            0.060183,            0.068511,            0.017858,            0.023369,           0.0062792,           0.0062792,            0.016779
                 112,            0.075889,            0.022414,            0.013379,             0.70046,             0.33614,             0.34863,             0.12212,            0.065295,            0.016915,            0.017143,           0.0062923,           0.0062923,            0.015992
                 113,            0.073208,            0.022158,            0.013449,             0.71518,             0.33187,             0.34661,              0.1198,            0.064429,            0.016896,            0.018655,           0.0063044,           0.0063044,            0.015204
                 114,            0.072244,            0.021521,            0.012083,             0.62551,             0.38421,              0.3707,             0.12747,            0.063777,            0.016021,            0.016776,           0.0063156,           0.0063156,            0.014416
                 115,            0.072854,            0.020475,            0.011817,             0.68889,             0.31344,             0.34962,             0.12553,            0.065478,            0.017626,            0.019281,           0.0063258,           0.0063258,            0.013626
                 116,            0.074133,             0.02072,            0.012163,             0.32203,            0.096942,            0.080485,            0.019038,            0.085655,             0.02148,            0.015477,            0.006335,            0.006335,            0.012835
                 117,            0.072944,            0.020838,            0.011948,             0.62964,             0.39132,             0.36513,             0.12222,            0.063686,            0.017616,            0.013699,           0.0063433,           0.0063433,            0.012043
                 118,            0.073163,            0.020886,            0.012912,             0.69183,             0.35795,              0.3752,             0.12523,            0.064775,            0.017843,            0.016884,           0.0063507,           0.0063507,            0.011251
                 119,            0.077445,            0.020632,            0.012699,             0.66287,             0.39093,             0.37987,             0.12865,            0.065158,            0.018032,            0.016808,           0.0063571,           0.0063571,            0.010457
                 120,            0.074618,            0.020873,            0.013915,             0.69931,             0.38225,             0.39624,             0.14437,            0.062246,            0.017219,             0.01713,           0.0063625,           0.0063625,           0.0096625
                 121,            0.071959,            0.021316,            0.013078,              0.5569,             0.24223,             0.25005,            0.085404,            0.068552,             0.01837,            0.020436,            0.006367,            0.006367,            0.008867
                 122,            0.074495,            0.020949,            0.012374,             0.60041,             0.35612,              0.3279,             0.10342,            0.067055,            0.019745,            0.014834,           0.0063705,           0.0063705,           0.0080705
                 123,            0.071938,            0.020234,            0.011233,             0.68706,             0.42033,             0.42785,             0.15388,            0.061473,            0.016986,            0.012478,           0.0063731,           0.0063731,           0.0072731
                 124,            0.073129,            0.020512,            0.012099,             0.68976,             0.37205,             0.37296,             0.11715,            0.065476,            0.015508,            0.011607,           0.0063748,           0.0063748,           0.0064748
                 125,            0.074314,            0.021167,            0.010727,             0.50436,             0.32171,             0.27123,            0.075497,            0.067209,            0.016459,            0.012858,           0.0063312,           0.0063312,           0.0063312
                 126,            0.073188,            0.020773,            0.011638,             0.62688,             0.34126,             0.32624,            0.094406,            0.066289,             0.01739,            0.018332,           0.0063312,           0.0063312,           0.0063312
                 127,            0.073827,             0.02179,            0.014401,              0.5066,             0.26183,             0.24885,             0.07549,            0.070898,            0.017158,            0.014269,            0.006281,            0.006281,            0.006281
                 128,            0.072022,            0.021729,            0.012819,             0.38761,             0.20547,             0.18275,            0.058673,            0.075089,                0.02,            0.017519,           0.0062307,           0.0062307,           0.0062307
                 129,             0.07361,            0.020744,             0.01227,             0.56457,             0.30145,             0.30335,             0.10466,            0.066265,            0.018723,            0.020011,           0.0061803,           0.0061803,           0.0061803
                 130,            0.074037,            0.021395,            0.014681,             0.57314,             0.23866,             0.21982,            0.055799,            0.071152,            0.019537,            0.028086,           0.0061298,           0.0061298,           0.0061298
                 131,            0.074559,            0.021985,            0.014963,             0.50557,             0.29653,             0.26779,            0.077785,            0.070426,            0.018179,            0.022932,           0.0060792,           0.0060792,           0.0060792
                 132,            0.071284,            0.021793,            0.014162,             0.57087,             0.25372,             0.23486,            0.061161,            0.072493,            0.020669,            0.021535,           0.0060284,           0.0060284,           0.0060284
                 133,            0.073603,            0.022082,             0.01224,             0.57069,             0.35686,             0.32968,            0.099411,            0.066439,            0.025984,             0.01509,           0.0059775,           0.0059775,           0.0059775
                 134,            0.073561,             0.02184,            0.013312,             0.61687,             0.33119,             0.34246,              0.1108,            0.065746,            0.017254,            0.017312,           0.0059266,           0.0059266,           0.0059266
                 135,            0.072936,            0.021248,            0.014349,             0.52916,             0.20541,             0.18179,            0.055208,            0.074654,            0.023233,            0.032469,           0.0058755,           0.0058755,           0.0058755
                 136,            0.075442,            0.022513,            0.016159,             0.55844,             0.17028,             0.16627,            0.048465,             0.07704,            0.025425,            0.035673,           0.0058244,           0.0058244,           0.0058244
                 137,            0.071512,            0.022692,            0.013951,             0.23999,              0.1783,             0.10428,              0.0222,            0.080302,            0.020208,             0.02904,           0.0057731,           0.0057731,           0.0057731
                 138,            0.073405,            0.022435,            0.013435,              0.5116,             0.20501,             0.19303,            0.057505,            0.074326,            0.022845,            0.028291,           0.0057218,           0.0057218,           0.0057218
                 139,            0.071894,            0.020992,            0.013529,             0.59705,             0.22524,             0.23897,            0.076399,            0.073314,            0.018839,            0.027084,           0.0056704,           0.0056704,           0.0056704
                 140,            0.072033,            0.021833,            0.012638,             0.59022,             0.30752,             0.30149,             0.10166,            0.068148,            0.017753,            0.024937,           0.0056189,           0.0056189,           0.0056189
                 141,            0.070496,            0.021293,            0.011584,             0.60232,              0.2938,             0.29984,            0.095658,            0.066756,            0.017584,            0.016171,           0.0055674,           0.0055674,           0.0055674
                 142,            0.070948,              0.0213,            0.013602,             0.57929,             0.36815,             0.33619,             0.10395,            0.065463,            0.016423,            0.015473,           0.0055158,           0.0055158,           0.0055158
                 143,             0.06881,            0.020897,            0.012011,             0.71802,             0.41644,             0.42831,             0.15419,            0.062114,            0.014912,            0.011204,           0.0054642,           0.0054642,           0.0054642
                 144,            0.070246,            0.020956,            0.012142,             0.74136,             0.40024,             0.43208,              0.1567,            0.060181,            0.014932,           0.0090299,           0.0054125,           0.0054125,           0.0054125
                 145,            0.069654,            0.020925,            0.010313,             0.78161,             0.40925,             0.43969,             0.16785,            0.059521,            0.016197,            0.013233,           0.0053608,           0.0053608,           0.0053608
                 146,            0.064552,            0.020285,           0.0098486,             0.56499,              0.2889,               0.292,             0.10163,            0.067898,            0.017624,            0.015296,           0.0053091,           0.0053091,           0.0053091
                 147,            0.066606,            0.020537,           0.0098821,             0.64981,             0.36878,             0.38388,             0.13367,            0.061538,            0.015941,            0.015842,           0.0052573,           0.0052573,           0.0052573
                 148,             0.06882,            0.020454,           0.0095036,              0.7136,             0.34898,             0.38629,             0.13364,            0.061589,            0.016673,            0.013286,           0.0052055,           0.0052055,           0.0052055
                 149,            0.068318,            0.020147,            0.010315,             0.34009,             0.12253,             0.11703,            0.031873,            0.081661,            0.019102,            0.014573,           0.0051537,           0.0051537,           0.0051537
                 150,            0.069294,            0.020924,           0.0095159,             0.29481,            0.087548,            0.079259,             0.02176,            0.086624,            0.018557,            0.013368,           0.0051018,           0.0051018,           0.0051018
                 151,            0.069872,            0.020102,            0.010669,             0.46062,             0.20096,             0.19678,            0.051309,            0.074007,            0.016239,            0.010348,             0.00505,             0.00505,             0.00505
                 152,            0.066783,            0.019956,            0.010156,               0.783,             0.37632,             0.42739,             0.12629,            0.062799,             0.01471,            0.011393,           0.0049982,           0.0049982,           0.0049982
                 153,             0.06713,            0.019954,             0.01003,             0.77626,             0.37542,             0.42997,             0.14192,            0.060949,            0.015134,            0.011767,           0.0049463,           0.0049463,           0.0049463
                 154,            0.066637,            0.019713,           0.0097162,             0.75903,             0.43696,             0.46213,             0.16961,            0.058661,            0.014287,            0.010028,           0.0048945,           0.0048945,           0.0048945
                 155,            0.066464,            0.019469,            0.010622,             0.82445,              0.4554,             0.50838,             0.19713,            0.057286,            0.014645,            0.012739,           0.0048427,           0.0048427,           0.0048427
                 156,            0.065035,            0.020677,            0.010265,             0.81137,             0.42534,             0.48311,             0.17827,            0.057441,            0.014853,            0.011985,           0.0047909,           0.0047909,           0.0047909
                 157,            0.068366,            0.020005,            0.009762,             0.30526,             0.16705,             0.12968,            0.033351,            0.083381,            0.017471,           0.0096343,           0.0047392,           0.0047392,           0.0047392
                 158,             0.06783,            0.019696,           0.0095545,             0.60797,             0.30731,             0.35078,             0.11386,            0.066287,             0.01557,           0.0086861,           0.0046875,           0.0046875,           0.0046875
                 159,            0.064715,            0.020197,           0.0097886,              0.7511,             0.43171,               0.469,             0.15431,              0.0589,            0.014368,            0.010535,           0.0046358,           0.0046358,           0.0046358
                 160,            0.064566,            0.020222,           0.0099621,             0.69521,             0.33603,             0.36225,             0.10179,            0.062083,            0.014938,             0.01035,           0.0045842,           0.0045842,           0.0045842
                 161,            0.066476,            0.019621,           0.0088349,             0.65174,             0.34075,             0.35408,             0.10822,            0.064487,              0.0157,            0.008452,           0.0045326,           0.0045326,           0.0045326
                 162,            0.064132,            0.019657,           0.0085502,             0.76601,              0.4029,             0.44986,             0.15775,            0.059225,            0.014828,            0.010904,           0.0044811,           0.0044811,           0.0044811
                 163,            0.064192,            0.019742,            0.009875,             0.74402,             0.42905,             0.44594,             0.16544,             0.05994,            0.013941,            0.010657,           0.0044296,           0.0044296,           0.0044296
                 164,            0.064461,            0.019782,           0.0090222,             0.78673,             0.44625,             0.48391,             0.17793,            0.057723,            0.014032,           0.0086263,           0.0043782,           0.0043782,           0.0043782
                 165,            0.061515,            0.019429,           0.0081288,             0.82342,             0.45162,             0.50332,             0.19229,            0.056797,            0.013911,           0.0095805,           0.0043269,           0.0043269,           0.0043269
                 166,            0.065491,            0.019521,           0.0096527,             0.69133,             0.34285,             0.36617,             0.10902,            0.063408,            0.015148,            0.016131,           0.0042756,           0.0042756,           0.0042756
                 167,            0.065541,            0.020137,             0.01122,             0.77854,             0.40928,             0.45434,             0.15865,            0.059425,            0.014831,            0.014808,           0.0042245,           0.0042245,           0.0042245
                 168,            0.064668,            0.020266,            0.010348,             0.71387,             0.44617,             0.45631,             0.17145,            0.058505,            0.015421,            0.010116,           0.0041734,           0.0041734,           0.0041734
                 169,            0.063034,            0.019863,            0.010089,             0.79804,             0.44455,             0.49224,             0.18953,            0.056845,             0.01484,            0.009852,           0.0041225,           0.0041225,           0.0041225
                 170,            0.064479,            0.019086,            0.009013,             0.82563,             0.45106,             0.51014,             0.17798,              0.0578,            0.014043,            0.010226,           0.0040716,           0.0040716,           0.0040716
                 171,            0.061687,            0.018974,            0.008681,             0.72474,             0.37408,             0.41689,             0.14343,            0.061685,            0.015096,            0.009954,           0.0040208,           0.0040208,           0.0040208
                 172,            0.060467,            0.018764,           0.0093567,             0.65945,             0.37217,              0.4141,             0.13371,            0.061713,            0.014745,            0.011952,           0.0039702,           0.0039702,           0.0039702
                 173,            0.060086,            0.019386,           0.0097932,             0.83006,             0.47354,             0.55114,             0.21623,            0.053453,            0.013608,           0.0095363,           0.0039197,           0.0039197,           0.0039197
                 174,            0.063438,            0.019477,           0.0081476,             0.82959,             0.47765,              0.5568,             0.21579,            0.053188,            0.013173,           0.0073406,           0.0038693,           0.0038693,           0.0038693
                 175,             0.05964,            0.018753,           0.0082989,             0.87924,             0.49238,             0.58777,             0.22416,            0.053864,            0.013393,            0.008292,            0.003819,            0.003819,            0.003819
                 176,            0.060388,            0.019088,            0.007901,             0.81182,             0.44454,             0.53356,             0.19244,            0.056089,            0.013878,            0.007969,           0.0037688,           0.0037688,           0.0037688
                 177,            0.061999,            0.019523,           0.0085965,             0.85004,             0.46222,             0.56199,             0.21408,            0.054432,            0.013387,           0.0076073,           0.0037188,           0.0037188,           0.0037188
                 178,            0.061726,            0.019129,           0.0094111,             0.81711,             0.50063,             0.57774,             0.22123,             0.05315,            0.013533,            0.010202,            0.003669,            0.003669,            0.003669
                 179,              0.0584,            0.018465,            0.009019,             0.77858,             0.45563,             0.50266,             0.18012,            0.056511,            0.014232,            0.010695,           0.0036193,           0.0036193,           0.0036193
                 180,            0.059518,            0.018505,           0.0082438,             0.87989,             0.47309,             0.57359,             0.21463,            0.053406,            0.013408,           0.0099603,           0.0035697,           0.0035697,           0.0035697
                 181,            0.060229,            0.018632,           0.0075519,             0.84987,             0.49264,             0.57895,             0.23562,            0.053071,            0.013455,           0.0076001,           0.0035204,           0.0035204,           0.0035204
                 182,            0.058238,            0.019047,           0.0077697,             0.72389,             0.46839,             0.50561,             0.17387,             0.05646,            0.014076,           0.0077726,           0.0034712,           0.0034712,           0.0034712
                 183,            0.056852,            0.018293,           0.0079626,             0.86113,              0.5048,             0.60048,             0.23586,            0.051879,            0.013129,           0.0082568,           0.0034221,           0.0034221,           0.0034221
                 184,             0.05749,            0.018493,           0.0077664,             0.83645,             0.53629,             0.62396,             0.23432,            0.052323,             0.01273,           0.0070474,           0.0033732,           0.0033732,           0.0033732
                 185,            0.058686,            0.019016,           0.0076586,             0.84177,             0.46089,             0.56337,             0.19338,            0.054458,            0.013239,           0.0083342,           0.0033246,           0.0033246,           0.0033246
                 186,            0.057993,            0.018623,           0.0078907,             0.79258,             0.52166,             0.58911,              0.2102,            0.052338,            0.012723,            0.005749,           0.0032761,           0.0032761,           0.0032761
                 187,            0.056695,            0.018701,           0.0078017,             0.85861,             0.52661,             0.63325,             0.25646,            0.049636,            0.012656,           0.0057362,           0.0032278,           0.0032278,           0.0032278
                 188,            0.056364,            0.018468,           0.0073668,             0.87922,             0.50516,             0.61872,             0.24093,            0.050882,             0.01293,           0.0071019,           0.0031797,           0.0031797,           0.0031797
                 189,            0.057879,            0.018384,           0.0077852,             0.81187,             0.52462,             0.62304,             0.24606,            0.050933,            0.012844,           0.0063667,           0.0031318,           0.0031318,           0.0031318
                 190,            0.057344,            0.018487,            0.007242,             0.80483,             0.52482,              0.6167,             0.23001,            0.050858,            0.012651,           0.0065478,           0.0030841,           0.0030841,           0.0030841
                 191,            0.056511,             0.01821,           0.0070061,             0.83863,             0.53065,             0.62927,             0.24264,            0.050507,            0.012626,           0.0067204,           0.0030367,           0.0030367,           0.0030367
                 192,            0.057832,            0.018423,           0.0070967,             0.82412,             0.52931,             0.61592,             0.22269,            0.051859,            0.012808,           0.0076434,           0.0029894,           0.0029894,           0.0029894
                 193,            0.057341,            0.018537,           0.0071239,              0.7816,             0.55536,              0.6324,             0.23977,            0.050953,            0.012834,           0.0077904,           0.0029424,           0.0029424,           0.0029424
                 194,            0.056582,            0.018187,           0.0073608,             0.79539,             0.54446,             0.61504,             0.24283,            0.051854,            0.013036,           0.0080312,           0.0028956,           0.0028956,           0.0028956
                 195,            0.055737,            0.017989,           0.0070856,             0.80558,             0.52202,             0.60323,             0.24592,            0.050694,            0.012695,           0.0071022,           0.0028491,           0.0028491,           0.0028491
                 196,            0.057995,            0.018279,           0.0067052,             0.76788,             0.52811,             0.60522,             0.25184,            0.050538,            0.013213,           0.0082427,           0.0028027,           0.0028027,           0.0028027
                 197,            0.053431,            0.018179,           0.0067739,             0.89683,             0.51475,             0.63049,             0.26639,            0.051171,            0.013358,           0.0094846,           0.0027567,           0.0027567,           0.0027567
                 198,            0.055715,            0.018003,           0.0072565,             0.75641,             0.51118,             0.58557,             0.22501,            0.051737,             0.01382,           0.0076119,           0.0027109,           0.0027109,           0.0027109
                 199,            0.055627,            0.017916,           0.0068377,             0.80109,             0.46269,             0.55084,             0.19529,            0.054228,            0.013838,           0.0075859,           0.0026653,           0.0026653,           0.0026653
                 200,            0.056497,            0.017702,           0.0070316,             0.83331,             0.55101,             0.64548,             0.25924,            0.050286,            0.012715,           0.0070745,             0.00262,             0.00262,             0.00262
                 201,            0.055418,            0.017786,           0.0064941,             0.88822,             0.52408,             0.63785,             0.25646,            0.050454,            0.012947,           0.0083692,            0.002575,            0.002575,            0.002575
                 202,            0.055648,            0.018243,           0.0067225,             0.78488,             0.51775,             0.60192,              0.2379,            0.051518,            0.012841,           0.0075029,           0.0025302,           0.0025302,           0.0025302
                 203,            0.055234,            0.018568,           0.0068626,             0.83375,             0.54005,             0.63569,             0.25474,             0.05116,            0.012441,           0.0055995,           0.0024858,           0.0024858,           0.0024858
                 204,            0.054893,             0.01781,           0.0067202,             0.80149,             0.53547,             0.62667,             0.24111,            0.051487,            0.012755,           0.0061529,           0.0024416,           0.0024416,           0.0024416
                 205,            0.053202,            0.017602,           0.0065474,             0.85124,             0.54554,             0.64633,             0.25753,            0.049612,            0.012409,           0.0071283,           0.0023977,           0.0023977,           0.0023977
                 206,            0.053778,            0.017809,           0.0064175,             0.78843,             0.53047,             0.61028,             0.22582,            0.050398,            0.012523,           0.0069692,            0.002354,            0.002354,            0.002354
                 207,            0.053727,            0.018045,           0.0072689,             0.84012,             0.54332,             0.63357,             0.25946,            0.049972,             0.01237,           0.0063279,           0.0023107,           0.0023107,           0.0023107
                 208,            0.053987,            0.017762,           0.0068513,             0.82826,             0.58474,             0.66289,             0.26398,            0.049429,            0.012302,           0.0053681,           0.0022677,           0.0022677,           0.0022677
                 209,            0.054712,            0.017346,           0.0066411,             0.86218,             0.54171,             0.65474,             0.27317,            0.049252,            0.012351,           0.0059034,            0.002225,            0.002225,            0.002225
                 210,            0.056389,            0.017898,           0.0082347,              0.8352,             0.57285,             0.67377,             0.26932,            0.048368,            0.012564,           0.0054076,           0.0021826,           0.0021826,           0.0021826
                 211,            0.054951,            0.017598,           0.0075394,             0.83254,             0.58226,             0.68254,             0.26934,            0.048773,            0.012544,           0.0062814,           0.0021405,           0.0021405,           0.0021405
                 212,            0.052934,            0.017758,           0.0069494,             0.77894,             0.56802,             0.64885,             0.25461,            0.051375,            0.012598,           0.0086277,           0.0020987,           0.0020987,           0.0020987
                 213,            0.055212,            0.017885,           0.0083786,               0.824,             0.55427,             0.62506,             0.25201,            0.051815,            0.012909,             0.01596,           0.0020572,           0.0020572,           0.0020572
                 214,            0.053985,            0.018351,           0.0091368,              0.7753,              0.5567,             0.61612,              0.2226,            0.053742,            0.013124,           0.0080258,           0.0020161,           0.0020161,           0.0020161
                 215,            0.053914,            0.017839,           0.0075672,              0.7795,             0.52173,             0.57637,             0.19835,            0.055232,              0.0136,           0.0065548,           0.0019753,           0.0019753,           0.0019753
                 216,            0.052536,            0.018123,           0.0072187,             0.82486,             0.53751,             0.60389,             0.25629,            0.052348,            0.012738,           0.0052951,           0.0019349,           0.0019349,           0.0019349
                 217,            0.056015,            0.017691,           0.0077289,             0.77617,             0.54492,             0.60073,             0.22504,              0.0534,            0.012927,           0.0053555,           0.0018948,           0.0018948,           0.0018948
                 218,            0.052619,            0.017618,           0.0069772,             0.82217,             0.52337,             0.59816,             0.24633,            0.050705,            0.012643,           0.0080576,            0.001855,            0.001855,            0.001855
                 219,            0.052769,            0.017495,           0.0072034,             0.82199,               0.526,             0.59595,             0.22875,            0.051707,            0.012666,            0.007891,           0.0018156,           0.0018156,           0.0018156
                 220,            0.053875,             0.01758,           0.0066163,             0.80588,             0.50659,             0.57403,              0.2334,            0.052367,            0.012541,           0.0060244,           0.0017765,           0.0017765,           0.0017765
                 221,            0.053167,            0.017426,           0.0073704,             0.70904,             0.48253,              0.5182,             0.15999,            0.057523,            0.013457,           0.0063193,           0.0017378,           0.0017378,           0.0017378
                 222,            0.050949,            0.017411,           0.0066414,             0.77748,             0.55387,             0.62325,             0.25156,            0.050546,             0.01223,           0.0065407,           0.0016995,           0.0016995,           0.0016995
                 223,            0.051265,            0.017708,           0.0068022,             0.82317,             0.58546,             0.66622,              0.2742,            0.047441,            0.012177,           0.0065243,           0.0016615,           0.0016615,           0.0016615
                 224,            0.052405,            0.017982,           0.0066519,             0.82131,             0.59313,             0.67819,             0.27758,            0.048249,            0.012156,           0.0072929,           0.0016239,           0.0016239,           0.0016239
                 225,            0.050541,            0.017205,           0.0064083,             0.82231,             0.54445,             0.64093,             0.23815,            0.050032,            0.012033,           0.0070794,           0.0015867,           0.0015867,           0.0015867
                 226,            0.052834,            0.016872,           0.0068171,             0.80244,             0.56016,             0.63454,             0.25094,            0.049179,            0.011908,           0.0065214,           0.0015498,           0.0015498,           0.0015498
                 227,            0.050594,            0.017185,            0.006572,             0.81669,              0.5775,             0.66433,             0.27383,            0.048736,            0.011905,           0.0060992,           0.0015134,           0.0015134,           0.0015134
                 228,            0.050404,            0.016956,           0.0063593,             0.80878,              0.5864,             0.66251,             0.27477,            0.049915,            0.011951,           0.0054129,           0.0014773,           0.0014773,           0.0014773
                 229,            0.052663,            0.017582,           0.0067262,             0.82425,              0.6149,             0.68482,             0.28226,             0.04875,            0.011746,           0.0053098,           0.0014416,           0.0014416,           0.0014416
                 230,            0.051442,            0.017023,           0.0062327,             0.81588,             0.62779,             0.70138,             0.29677,            0.047834,            0.011719,           0.0053826,           0.0014063,           0.0014063,           0.0014063
                 231,            0.050704,            0.016402,            0.006188,             0.84309,             0.62423,             0.71747,              0.2928,            0.046605,            0.011741,           0.0049906,           0.0013714,           0.0013714,           0.0013714
                 232,            0.051307,            0.017472,            0.006073,             0.80078,             0.60418,             0.67971,             0.24753,            0.049296,            0.012148,           0.0052589,            0.001337,            0.001337,            0.001337
                 233,            0.049482,            0.016982,           0.0058389,             0.85121,             0.60543,             0.70649,              0.2875,            0.047553,            0.011768,           0.0050506,           0.0013029,           0.0013029,           0.0013029
                 234,            0.051986,            0.016834,           0.0061129,             0.80114,             0.61633,             0.68629,             0.28731,            0.047067,             0.01198,           0.0052485,           0.0012692,           0.0012692,           0.0012692
                 235,            0.050612,            0.017263,           0.0061473,             0.82484,             0.62079,             0.70874,             0.30736,            0.046202,             0.01166,           0.0050153,            0.001236,            0.001236,            0.001236
                 236,            0.049583,             0.01703,           0.0062466,             0.86455,             0.59787,             0.70328,             0.30583,            0.046014,            0.011757,            0.005128,           0.0012031,           0.0012031,           0.0012031
                 237,            0.051032,            0.017498,           0.0064118,             0.81575,             0.62901,             0.70393,             0.30083,            0.046776,            0.011704,           0.0052037,           0.0011707,           0.0011707,           0.0011707
                 238,            0.048852,            0.017255,           0.0062444,             0.84002,             0.58651,             0.66893,             0.28461,            0.048231,            0.011783,           0.0055555,           0.0011387,           0.0011387,           0.0011387
                 239,            0.048925,            0.017351,           0.0059442,             0.82049,             0.63648,              0.7032,             0.29527,            0.047335,            0.011651,           0.0059684,           0.0011072,           0.0011072,           0.0011072
                 240,            0.048151,            0.016855,           0.0070736,             0.83172,             0.61764,             0.69356,             0.28981,            0.047399,            0.011577,           0.0064705,           0.0010761,           0.0010761,           0.0010761
                 241,            0.049415,            0.017178,           0.0059391,             0.85747,             0.64241,             0.72871,             0.30377,            0.045918,            0.011587,           0.0062991,           0.0010454,           0.0010454,           0.0010454
                 242,            0.047596,            0.016748,           0.0059783,             0.84121,             0.64137,             0.72177,             0.29622,            0.046318,            0.011598,           0.0061208,           0.0010151,           0.0010151,           0.0010151
                 243,            0.048101,            0.016575,           0.0061457,             0.83207,             0.60821,             0.68738,             0.26693,            0.048278,            0.011797,           0.0062102,          0.00098531,          0.00098531,          0.00098531
                 244,            0.046138,            0.016917,           0.0060328,             0.84629,             0.62152,             0.70806,             0.29453,            0.046053,            0.011702,           0.0062219,          0.00095595,          0.00095595,          0.00095595
                 245,            0.048033,            0.017096,           0.0064349,             0.84794,             0.61134,             0.70371,             0.30022,            0.046175,            0.011617,           0.0060077,          0.00092704,          0.00092704,          0.00092704
                 246,            0.048534,            0.016591,           0.0059387,             0.84821,             0.60671,             0.71022,             0.29375,            0.047283,            0.011664,           0.0059001,          0.00089858,          0.00089858,          0.00089858
                 247,            0.047237,            0.016602,           0.0058299,             0.81986,             0.61601,             0.69764,             0.29614,            0.047017,            0.011472,           0.0061741,          0.00087058,          0.00087058,          0.00087058
                 248,            0.047442,            0.017208,            0.005936,             0.83065,             0.61258,             0.69849,             0.29027,            0.046827,            0.011477,           0.0061581,          0.00084303,          0.00084303,          0.00084303
                 249,            0.049194,            0.016823,           0.0062816,             0.86644,             0.65042,             0.73799,             0.30566,            0.046001,            0.011581,           0.0052328,          0.00081595,          0.00081595,          0.00081595
                 250,            0.047522,            0.016832,           0.0054521,             0.83708,             0.63366,             0.71855,              0.2991,            0.046468,            0.011431,           0.0055688,          0.00078933,          0.00078933,          0.00078933
                 251,            0.047148,              0.0168,           0.0058927,             0.85019,              0.6528,              0.7396,             0.30536,            0.045356,            0.011445,           0.0061741,          0.00076317,          0.00076317,          0.00076317
                 252,            0.046405,             0.01676,           0.0058818,             0.84135,             0.63664,             0.72384,             0.29772,            0.046992,            0.011445,           0.0065283,          0.00073749,          0.00073749,          0.00073749
                 253,            0.049755,            0.017038,           0.0063122,             0.85065,             0.62524,             0.71533,             0.30159,            0.045912,            0.011562,            0.006502,          0.00071228,          0.00071228,          0.00071228
                 254,            0.045835,            0.016393,            0.005914,             0.85006,             0.64935,             0.73024,             0.30948,            0.045418,            0.011562,           0.0061822,          0.00068755,          0.00068755,          0.00068755
                 255,            0.046962,            0.016728,           0.0064155,             0.84165,             0.66436,             0.74032,             0.31689,            0.045078,            0.011594,           0.0057191,          0.00066329,          0.00066329,          0.00066329
                 256,            0.046993,             0.01705,            0.006328,             0.86819,             0.64578,             0.74221,             0.31332,            0.044818,            0.011522,           0.0057456,          0.00063952,          0.00063952,          0.00063952
                 257,            0.046044,            0.016698,           0.0055444,             0.84768,             0.63519,             0.72582,             0.31428,            0.045238,            0.011485,           0.0058714,          0.00061623,          0.00061623,          0.00061623
                 258,            0.046569,            0.016422,           0.0056077,             0.84407,             0.63491,             0.72971,             0.31873,            0.045394,             0.01148,           0.0054321,          0.00059342,          0.00059342,          0.00059342
                 259,            0.046336,            0.016642,            0.005944,             0.79116,             0.66784,             0.72272,             0.30811,            0.045817,            0.011516,           0.0051647,          0.00057111,          0.00057111,          0.00057111
                 260,            0.045825,            0.016696,           0.0056351,             0.81939,             0.66273,             0.72708,             0.31151,            0.045815,            0.011513,           0.0047624,          0.00054928,          0.00054928,          0.00054928
                 261,            0.047484,            0.016323,           0.0058367,             0.83019,             0.66919,             0.74159,             0.31817,            0.045018,             0.01144,           0.0047105,          0.00052795,          0.00052795,          0.00052795
                 262,            0.046456,            0.016303,           0.0057867,             0.81868,             0.66574,             0.72796,             0.31284,            0.045591,            0.011349,           0.0052191,          0.00050711,          0.00050711,          0.00050711
                 263,             0.04428,             0.01676,           0.0056503,             0.79941,             0.64017,             0.70277,             0.29495,            0.047187,            0.011382,           0.0060626,          0.00048678,          0.00048678,          0.00048678
                 264,            0.046913,            0.016527,            0.005673,             0.83047,             0.64603,             0.72692,             0.31249,            0.046032,            0.011312,           0.0062723,          0.00046694,          0.00046694,          0.00046694
                 265,            0.046992,            0.016312,           0.0057632,             0.84192,             0.66342,             0.74948,             0.32167,            0.045057,            0.011252,           0.0060455,          0.00044761,          0.00044761,          0.00044761
                 266,            0.045305,            0.016416,           0.0054681,             0.85413,             0.65233,             0.74483,             0.32064,            0.044792,            0.011245,           0.0059139,          0.00042878,          0.00042878,          0.00042878
                 267,            0.045206,            0.016459,           0.0056052,             0.82563,             0.66951,             0.73823,             0.29937,            0.045315,            0.011258,           0.0058148,          0.00041045,          0.00041045,          0.00041045
                 268,            0.045957,            0.016257,           0.0057981,              0.8334,             0.65834,             0.72784,             0.30476,            0.045437,            0.011273,           0.0056604,          0.00039264,          0.00039264,          0.00039264
                 269,            0.044437,            0.016655,           0.0061186,               0.814,             0.65863,             0.72226,             0.28832,            0.045758,            0.011303,            0.005391,          0.00037534,          0.00037534,          0.00037534
                 270,            0.045577,            0.016413,            0.005732,             0.81517,             0.68562,             0.74455,             0.31566,             0.04441,            0.011276,           0.0052816,          0.00035855,          0.00035855,          0.00035855
                 271,            0.044869,             0.01634,           0.0055005,             0.81992,             0.66395,             0.73413,             0.30644,            0.045406,            0.011263,           0.0054116,          0.00034227,          0.00034227,          0.00034227
                 272,            0.043802,            0.016066,           0.0057739,             0.82241,             0.65158,             0.72872,             0.30331,            0.045381,            0.011233,           0.0055026,          0.00032651,          0.00032651,          0.00032651
                 273,            0.044795,            0.016192,           0.0058304,             0.86177,             0.65603,             0.74955,             0.31408,            0.044455,            0.011244,            0.005549,          0.00031127,          0.00031127,          0.00031127
                 274,            0.043698,            0.016484,           0.0055787,             0.84608,             0.66553,             0.74531,             0.31946,            0.044394,            0.011203,           0.0056697,          0.00029655,          0.00029655,          0.00029655
                 275,            0.045799,            0.016035,            0.005507,             0.86155,             0.67496,             0.75452,              0.3214,            0.044203,            0.011185,           0.0058769,          0.00028235,          0.00028235,          0.00028235
                 276,            0.043667,            0.016446,           0.0056279,             0.83099,             0.69826,             0.75499,             0.32052,            0.044278,            0.011221,           0.0060443,          0.00026867,          0.00026867,          0.00026867
                 277,            0.046876,            0.016143,           0.0060028,             0.83322,              0.6678,             0.73618,             0.30098,            0.045606,            0.011245,           0.0059995,          0.00025551,          0.00025551,          0.00025551
                 278,             0.04487,            0.015877,           0.0058946,              0.8208,             0.66994,             0.73312,             0.30779,            0.045118,            0.011275,           0.0062545,          0.00024289,          0.00024289,          0.00024289
                 279,            0.043873,            0.016567,           0.0055311,              0.8243,             0.65381,             0.72294,             0.29106,            0.046365,            0.011225,           0.0065851,          0.00023078,          0.00023078,          0.00023078
                 280,            0.043533,            0.016485,           0.0056368,             0.83505,             0.67305,             0.74208,             0.31321,            0.045105,            0.011185,           0.0064349,          0.00021921,          0.00021921,          0.00021921
                 281,            0.046111,            0.015832,           0.0054781,             0.83851,             0.68787,             0.75212,             0.32261,            0.044171,            0.011171,           0.0062905,          0.00020817,          0.00020817,          0.00020817
                 282,            0.044498,            0.016139,           0.0055519,             0.85418,             0.67783,             0.75776,              0.3221,            0.044271,            0.011183,           0.0061364,          0.00019766,          0.00019766,          0.00019766
                 283,             0.04372,            0.016472,            0.005621,             0.82611,               0.692,             0.75136,             0.32005,            0.044752,            0.011158,           0.0061641,          0.00018768,          0.00018768,          0.00018768
                 284,            0.045016,            0.016624,           0.0060748,             0.80651,             0.67956,             0.73505,             0.31266,            0.045132,            0.011166,           0.0061206,          0.00017823,          0.00017823,          0.00017823
                 285,            0.043728,            0.016551,            0.005526,             0.80486,             0.68452,             0.74585,              0.3228,            0.044655,            0.011187,           0.0059656,          0.00016932,          0.00016932,          0.00016932
                 286,            0.042548,            0.015781,           0.0058062,             0.79519,             0.67236,             0.73175,              0.3151,            0.045215,            0.011227,           0.0058719,          0.00016094,          0.00016094,          0.00016094
                 287,             0.04365,            0.016322,           0.0055592,             0.82079,             0.67565,             0.74432,             0.31895,            0.044654,            0.011256,           0.0057629,           0.0001531,           0.0001531,           0.0001531
                 288,            0.043095,            0.016268,           0.0054171,             0.81498,             0.68728,             0.75321,             0.32147,            0.044474,            0.011239,           0.0056602,           0.0001458,           0.0001458,           0.0001458
                 289,            0.043413,            0.016196,            0.005847,             0.82101,             0.68169,             0.74747,             0.31776,            0.044866,            0.011217,           0.0056451,          0.00013903,          0.00013903,          0.00013903
                 290,            0.043707,            0.016626,            0.005744,             0.82252,             0.68886,             0.74988,             0.31944,            0.044536,            0.011205,           0.0057909,           0.0001328,           0.0001328,           0.0001328
                 291,            0.043058,            0.015863,           0.0056772,             0.84399,             0.69153,             0.76512,             0.33009,            0.043718,            0.011192,            0.005876,          0.00012712,          0.00012712,          0.00012712
                 292,            0.045189,             0.01645,           0.0056506,             0.86017,             0.68528,             0.76711,             0.32315,            0.043997,            0.011202,           0.0058782,          0.00012197,          0.00012197,          0.00012197
                 293,            0.041882,            0.016706,           0.0054215,             0.83597,             0.68692,             0.76183,              0.3182,            0.044377,            0.011189,           0.0058614,          0.00011736,          0.00011736,          0.00011736
                 294,            0.045201,            0.016477,           0.0059693,             0.81737,             0.68471,             0.75088,             0.31353,            0.044609,            0.011206,           0.0059092,          0.00011329,          0.00011329,          0.00011329
                 295,             0.04287,            0.016555,           0.0057025,             0.85724,             0.67085,             0.75455,             0.31859,            0.044249,            0.011193,           0.0059221,          0.00010977,          0.00010977,          0.00010977
                 296,            0.043963,            0.016289,           0.0054439,             0.86405,             0.67619,             0.75993,             0.32296,             0.04406,            0.011186,           0.0059301,          0.00010678,          0.00010678,          0.00010678
                 297,            0.042602,            0.016934,           0.0054933,             0.85618,             0.67192,              0.7474,             0.31228,            0.044623,            0.011186,           0.0059659,          0.00010434,          0.00010434,          0.00010434
                 298,            0.042806,            0.016272,           0.0052909,             0.85228,             0.67034,             0.74675,             0.31736,            0.044643,            0.011172,           0.0059191,          0.00010244,          0.00010244,          0.00010244
                 299,             0.04315,            0.015989,           0.0057034,             0.85805,             0.67316,             0.75398,             0.31619,             0.04433,            0.011159,           0.0058243,          0.00010109,          0.00010109,          0.00010109
